x:image,y:label
./0/S000.png,0
./0/S001.png,0
./0/S002.png,0
./0/S003.png,0
./0/S004.png,0
./0/S007.png,0
./0/S008.png,0
./0/S009.png,0
./0/S010.png,0
./0/S011.png,0
./0/S014.png,0
./0/S015.png,0
./0/S016.png,0
./0/S017.png,0
./0/S018.png,0
./0/S021.png,0
./0/S022.png,0
./0/S023.png,0
./0/S024.png,0
./0/S025.png,0
./0/S028.png,0
./0/S029.png,0
./0/S030.png,0
./0/S031.png,0
./0/S032.png,0
./0/S035.png,0
./0/S036.png,0
./0/S037.png,0
./0/S038.png,0
./0/S039.png,0
./0/S042.png,0
./0/S043.png,0
./0/S044.png,0
./0/S045.png,0
./0/S046.png,0
./0/S049.png,0
./0/S050.png,0
./0/S051.png,0
./0/S052.png,0
./0/S053.png,0
./0/S056.png,0
./0/S057.png,0
./0/S058.png,0
./0/S059.png,0
./0/S060.png,0
./0/S063.png,0
./0/S064.png,0
./0/S065.png,0
./0/S066.png,0
./0/S067.png,0
./0/S070.png,0
./0/S071.png,0
./0/S072.png,0
./0/S073.png,0
./0/S074.png,0
./0/S077.png,0
./0/S078.png,0
./0/S079.png,0
./0/S080.png,0
./0/S081.png,0
./0/S084.png,0
./0/S085.png,0
./0/S086.png,0
./0/S087.png,0
./0/S088.png,0
./0/S091.png,0
./0/S092.png,0
./0/S093.png,0
./0/S094.png,0
./0/S095.png,0
./0/S098.png,0
./0/S099.png,0
./0/S100.png,0
./0/S101.png,0
./0/S102.png,0
./0/S105.png,0
./0/S106.png,0
./0/S107.png,0
./0/S108.png,0
./0/S109.png,0
./0/S112.png,0
./0/S113.png,0
./0/S114.png,0
./0/S115.png,0
./0/S116.png,0
./0/S119.png,0
./0/S120.png,0
./0/S121.png,0
./0/S122.png,0
./0/S123.png,0
./0/S126.png,0
./0/S127.png,0
./0/S128.png,0
./0/S129.png,0
./0/S130.png,0
./0/S133.png,0
./0/S134.png,0
./0/S135.png,0
./0/S136.png,0
./0/S137.png,0
./9/S000.png,1
./9/S001.png,1
./9/S002.png,1
./9/S003.png,1
./9/S004.png,1
./9/S007.png,1
./9/S008.png,1
./9/S009.png,1
./9/S010.png,1
./9/S011.png,1
./9/S014.png,1
./9/S015.png,1
./9/S016.png,1
./9/S017.png,1
./9/S018.png,1
./9/S021.png,1
./9/S022.png,1
./9/S023.png,1
./9/S024.png,1
./9/S025.png,1
./9/S028.png,1
./9/S029.png,1
./9/S030.png,1
./9/S031.png,1
./9/S032.png,1
./9/S035.png,1
./9/S036.png,1
./9/S037.png,1
./9/S038.png,1
./9/S039.png,1
./9/S042.png,1
./9/S043.png,1
./9/S044.png,1
./9/S045.png,1
./9/S046.png,1
./9/S049.png,1
./9/S050.png,1
./9/S051.png,1
./9/S052.png,1
./9/S053.png,1
./9/S056.png,1
./9/S057.png,1
./9/S058.png,1
./9/S059.png,1
./9/S060.png,1
./9/S063.png,1
./9/S064.png,1
./9/S065.png,1
./9/S066.png,1
./9/S067.png,1
./9/S070.png,1
./9/S071.png,1
./9/S072.png,1
./9/S073.png,1
./9/S074.png,1
./9/S077.png,1
./9/S078.png,1
./9/S079.png,1
./9/S080.png,1
./9/S081.png,1
./9/S084.png,1
./9/S085.png,1
./9/S086.png,1
./9/S087.png,1
./9/S088.png,1
./9/S091.png,1
./9/S092.png,1
./9/S093.png,1
./9/S094.png,1
./9/S095.png,1
./9/S098.png,1
./9/S099.png,1
./9/S100.png,1
./9/S101.png,1
./9/S102.png,1
./na/S000.png,2
./na/S001.png,2
./na/S002.png,2
./na/S003.png,2
./na/S004.png,2
./na/S005.png,2
./na/S006.png,2
./na/S010.png,2
./na/S011.png,2
./na/S012.png,2
./na/S013.png,2
./na/S014.png,2
./na/S015.png,2
./na/S016.png,2
./na/S020.png,2
./na/S021.png,2
./na/S022.png,2
./na/S023.png,2
./na/S024.png,2
./na/S025.png,2
./na/S026.png,2
./na/S030.png,2
./na/S031.png,2
./na/S032.png,2
./na/S033.png,2
./na/S034.png,2
./na/S035.png,2
./na/S036.png,2
./na/S040.png,2
./na/S041.png,2
./na/S042.png,2
./na/S043.png,2
./na/S044.png,2
./na/S045.png,2
./na/S046.png,2
./na/S050.png,2
./na/S051.png,2
./na/S052.png,2
./na/S053.png,2
./na/S054.png,2
./na/S055.png,2
./na/S056.png,2
./na/S060.png,2
./na/S061.png,2
./na/S062.png,2
./na/S063.png,2
./na/S064.png,2
./na/S065.png,2
./na/S066.png,2
./na/S070.png,2
./na/S071.png,2
./na/S072.png,2
./na/S073.png,2
./na/S074.png,2
./na/S075.png,2
./na/S076.png,2
./na/S080.png,2
./na/S081.png,2
./na/S082.png,2
./na/S083.png,2
./na/S084.png,2
./na/S085.png,2
./na/S086.png,2
./na/S090.png,2
./na/S091.png,2
./na/S092.png,2
./na/S093.png,2
./na/S094.png,2
./na/S095.png,2
./na/S096.png,2
./na/S100.png,2
./na/S101.png,2
./na/S102.png,2
./na/S103.png,2
./na/S104.png,2
./na/S105.png,2
./na/S106.png,2
./na/S110.png,2
./na/S111.png,2
./na/S112.png,2
./na/S113.png,2
./na/S114.png,2
./na/S115.png,2
./na/S116.png,2
./na/S120.png,2
./na/S121.png,2
./na/S122.png,2
./na/S123.png,2
./na/S124.png,2
./na/S125.png,2
./na/S126.png,2
./na/S130.png,2
./na/S131.png,2
./na/S132.png,2
./na/S133.png,2
./na/S134.png,2
./na/S135.png,2
./na/S136.png,2
./na/S140.png,2
./na/S141.png,2
./na/S142.png,2
./na/S143.png,2
./na/S144.png,2
./na/S145.png,2
./na/S146.png,2
./na/S150.png,2
./na/S151.png,2
./na/S152.png,2
./na/S153.png,2
./na/S154.png,2
./na/S155.png,2
./na/S156.png,2
./na/S160.png,2
./na/S161.png,2
./na/S162.png,2
./na/S163.png,2
./na/S164.png,2
./na/S165.png,2
./na/S166.png,2
